state_id,wape_sarimax,wape_lgbm,wape_lstm,bias_sarimax,bias_lgbm,bias_lstm
CA,0.10143425641446928,0.10604454754390447,0.9998935608633622,0.06142306751929305,0.06330399098531414,-0.9998935608633622
TX,0.11061102443433447,0.11485201755546715,0.9998209531547024,0.09324005766192803,0.08696035225115771,-0.9998209531547024
WI,0.1038299910505303,0.12080193550590355,0.9998525383680411,0.06319920907079063,0.10407185712768303,-0.9998525383680411
